{"version":2,"languages":{"nodejs-npm":{"specfileHash":"a5c891122e47e892dd0c06de4269e410","lockfileHash":"de9752cce5acdaa7a695ab2fbdf5a847","guessedImports":["class-validator","express","reflect-metadata","typescript","luxon","@discordjs/builders","filesize","node-fetch","linguini","discord-api-types","class-transformer","discord.js-rate-limiter","express-promise-router","node-schedule","pino","remove-markdown","discord.js","@discordjs/rest"],"guessedImportsHash":"2d615646495ea049c26839be561f1b71"}}}
